"common_name","r2","rmse","mae","species"
"black cherry",0.651567431225196,3.30678652510088,1.30360498190071,"Prunus serotina"
"eastern cottonwood",0.591414819968741,13.1569535744313,5.79666412806288,"Populus deltoides"
"paper birch",0.519583395943581,1.66517171941611,0.660623723149101,"Betula papyrifera"
"ponderosa pine",0.547934247141014,4.21943478235556,1.61109426680359,"Pinus ponderosa"
"quaking aspen",0.675032118543899,1.89204036610339,0.899266759339,"Populus tremuloides"
"red spruce",0.752397256392847,1.2221739893696,0.59338227653639,"Picea rubens"
"sugar maple",0.547541500999402,4.31143076488337,1.2580763320139,"Acer saccharum"
"yellow poplar",0.677785880510784,5.46017080744496,2.49995942923783,"Liriodendron tulipifera"
