"common_name","r2","rmse","mae","species"
"black cherry",0.653493445109544,3.29768122559644,1.30016425948092,"Prunus serotina"
"eastern cottonwood",0.572674592720736,13.4553002957519,6.01610082622237,"Populus deltoides"
"paper birch",0.519095519932654,1.6660170182473,0.660088751712758,"Betula papyrifera"
"ponderosa pine",0.547517521486437,4.22137912526921,1.60840379516637,"Pinus ponderosa"
"quaking aspen",0.674426348484817,1.89380301379675,0.900767786814909,"Populus tremuloides"
"red spruce",0.751655057248662,1.22400437648111,0.593369294292843,"Picea rubens"
"sugar maple",0.546120899120413,4.31819384547697,1.25766006807606,"Acer saccharum"
"yellow poplar",0.677783207620296,5.46025110581022,2.49899862284106,"Liriodendron tulipifera"
