"common_name","r2","rmse","mae","species"
"black cherry",0.652566898978732,3.30204041309484,1.29853278564129,"Prunus serotina"
"eastern cottonwood",0.583924156746725,13.2770101788573,5.84365889042468,"Populus deltoides"
"paper birch",0.521210596195152,1.66234930853414,0.659989467572197,"Betula papyrifera"
"ponderosa pine",0.137422729908825,5.82844200952111,2.11823363447201,"Pinus ponderosa"
"quaking aspen",0.674551080251765,1.89344020798624,0.900219925332912,"Populus tremuloides"
"red spruce",0.750558482225223,1.22670371521019,0.595307767476176,"Picea rubens"
"sugar maple",0.537691444038314,4.35810818262527,1.30148096386093,"Acer saccharum"
"yellow poplar",0.680420478403755,5.43780232622488,2.49198964730706,"Liriodendron tulipifera"
