"species","p1","p2","p3","p4","p5","p6","p7","p8","p9","p10","p11"
"Acer saccharum",0.07,-0.0086,0.038,0.00036,0.00053,-0.00078,-0.00028,-0.00059,0.00069,0.00041,0.00015
"Betula papyrifera",0.077,-0.012,0.031,-0.00041,0.0011,0.00047,0.00011,-0.00042,8.3e-05,0.00029,-8.1e-05
"Liriodendron tulipifera",0.14,-0.018,0.076,0.0017,0.0017,-0.0037,2e-04,0.0014,0.00065,-6.6e-05,9.7e-06
"Picea rubens",0.093,-0.015,0.053,0.0025,0.00048,0.0019,0.0013,-0.0016,0.0013,0.0011,0.00047
"Pinus ponderosa",0.066,-0.0076,0.015,-0.002,-0.0047,-0.0053,3e-04,-0.00083,-0.004,-0.00049,5e-04
"Populus deltoides",0.19,-0.024,0.1,0.0035,0.0019,-0.013,-0.0038,0.0035,0.00051,-0.00037,4.9e-05
"Populus tremuloides",0.11,-0.017,0.058,-8e-04,0.0014,-0.00084,0.00014,0.00079,0.00093,0.00019,-3.9e-05
"Prunus serotina",0.097,-0.014,0.056,0.00092,8e-04,-0.001,-0.0024,0.00048,0.00089,0.00017,0.00017
