"species","p1","p2","p3","p4","p5","p6","p7","p8","p9","p10","p11"
"Acer saccharum",0.0755114802061038,-0.00959566210375347,0.0402294406132674,0.000330155570870329,0.000506324924539343,-0.000853744881868145,-0.00024908079615491,-0.000612519638788155,0.000635133585557556,0.000403098280941581,0.00013752393596311
"Betula papyrifera",0.0767224652077716,-0.0120200003990858,0.030857414758307,-0.000411390421278931,0.00109587688575961,0.000467641638751151,0.000113914522935977,-0.000426743026352706,8.8044602191454e-05,0.00028981793521049,-8.15157083014126e-05
"Liriodendron tulipifera",0.143540087707869,-0.0177788052199242,0.0753428839678032,0.00172449260827424,0.00172812678399811,-0.00365285674229071,0.000198310198346933,0.0013813073254997,0.00065180282208054,-6.33679690084673e-05,1.24250369441776e-05
"Picea rubens",0.0936112204882809,-0.0148355481701202,0.0528312809311885,0.00256787243534607,0.00048236340307766,0.00187205130187653,0.00134532189677917,-0.00156421873403472,0.0012900549035457,0.00113907497912729,0.000487777813468692
"Pinus ponderosa",0.0660951380843568,-0.00763122039037194,0.0154114380319068,-0.00199275986570272,-0.00469374548577577,-0.00525966750047968,0.000303404519099112,-0.000824039294118534,-0.00400058029826943,-0.000502027807729612,0.000513121535599203
"Populus deltoides",0.186566247809902,-0.0234591818562657,0.102643180757494,0.0034699569616438,0.00192611085090802,-0.0132624346539261,-0.00377803413798881,0.00343771275903579,0.000535281868425952,-0.000348582627243717,6.01769285677058e-05
"Populus tremuloides",0.113321966024351,-0.0170334213908345,0.0576137085300859,-0.000800723934299685,0.00137827683243101,-0.000848612695526108,0.00013836570569879,0.000788623960749709,0.000935618838295733,0.000188047592011513,-3.85747175256312e-05
"Prunus serotina",0.0968684838526411,-0.0139832964749453,0.0555417155676183,0.000927371733557514,0.000797224478313118,-0.00102314891214401,-0.00237236406881459,0.000490403513686917,0.00089653887723841,0.000168918856673116,0.000171926829519773
