"species","p1","p2","p3","p4","p5","p6","p7","p8","p9","p10","p11"
"Acer saccharum",0.07,-0.0086,0.038,0.00034,0.00052,-0.00077,-0.00028,-0.00099,0.00069,0.00072,0.00015
"Betula papyrifera",0.077,-0.012,0.031,-0.00039,0.0011,0.00052,0.00011,-0.00056,8.5e-05,0.00045,-8.2e-05
"Liriodendron tulipifera",0.14,-0.018,0.075,0.002,0.0017,-0.0039,0.00025,0.0023,0.00063,-3e-04,0.00018
"Picea rubens",0.093,-0.015,0.053,0.0024,0.00045,0.0019,0.0014,-0.0029,0.0013,0.0018,0.00041
"Pinus ponderosa",0.066,-0.0077,0.015,-0.0016,-0.0047,-0.0051,0.00033,-0.001,-0.0039,-0.00033,0.00025
"Populus deltoides",0.19,-0.023,0.1,0.0034,0.0019,-0.013,-0.0038,0.0064,0.00057,-0.00059,-0.00035
"Populus tremuloides",0.11,-0.017,0.057,-0.00071,0.0014,-0.00077,0.00011,0.0015,0.00092,0.00024,-3.7e-05
"Prunus serotina",0.097,-0.014,0.055,0.00092,0.00082,-0.0011,-0.0023,0.00075,9e-04,0.00022,0.00024
